{
    "ConfigBase": {
        "bIsDeletable": true,
        "name": "XWing"
    },
    "SpawnConfig": {
        "bRequestsCollisionTests": false,
        "engineEffectData": [
            {
                "engineFX.bOverrideColorWithTeamColor": false,
                "engineFX.color": [
                    1.0,
                    0.0,
                    0.0
                ],
                "engineFX.colorHdrIntensity": 8.0,
                "engineFX.localOffset": [
                    0.0860000029206276,
                    0.07400000095367432,
                    -0.41999998688697815
                ],
                "engineFX.localScale": [
                    0.014999999664723873,
                    0.014999999664723873,
                    0.014999999664723873
                ]
            },
            {
                "engineFX.bOverrideColorWithTeamColor": false,
                "engineFX.color": [
                    1.0,
                    0.0,
                    0.0
                ],
                "engineFX.colorHdrIntensity": 8.0,
                "engineFX.localOffset": [
                    -0.0860000029206276,
                    0.07400000095367432,
                    -0.41999998688697815
                ],
                "engineFX.localScale": [
                    0.014999999664723873,
                    0.014999999664723873,
                    0.014999999664723873
                ]
            },
            {
                "engineFX.bOverrideColorWithTeamColor": false,
                "engineFX.color": [
                    1.0,
                    0.0,
                    0.0
                ],
                "engineFX.colorHdrIntensity": 8.0,
                "engineFX.localOffset": [
                    -0.0860000029206276,
                    -0.07400000095367432,
                    -0.41999998688697815
                ],
                "engineFX.localScale": [
                    0.014999999664723873,
                    0.014999999664723873,
                    0.014999999664723873
                ]
            },
            {
                "engineFX.bOverrideColorWithTeamColor": false,
                "engineFX.color": [
                    1.0,
                    0.0,
                    0.0
                ],
                "engineFX.colorHdrIntensity": 8.0,
                "engineFX.localOffset": [
                    0.0860000029206276,
                    -0.07400000095367432,
                    -0.41999998688697815
                ],
                "engineFX.localScale": [
                    0.014999999664723873,
                    0.014999999664723873,
                    0.014999999664723873
                ]
            }
        ],
        "fireLocationOffsets": [
            {
                "fireLocationOffset": [
                    0.36000001430511475,
                    0.125,
                    0.15000000596046448
                ]
            },
            {
                "fireLocationOffset": [
                    -0.36000001430511475,
                    -0.12999999523162842,
                    0.15000000596046448
                ]
            },
            {
                "fireLocationOffset": [
                    0.36000001430511475,
                    -0.13500000536441803,
                    0.15000000596046448
                ]
            },
            {
                "fireLocationOffset": [
                    -0.36000001430511475,
                    0.12999999523162842,
                    0.15000000596046448
                ]
            }
        ],
        "fullModelFilePath": "GameData/mods/StarWars/Assets/Models3D/xwing/xwing.obj",
        "modelAABB": {
            "modelPosition": [
                0.0,
                0.0,
                0.0
            ],
            "modelRotationDegrees": [
                0.0,
                0.0,
                0.0
            ],
            "modelScale": [
                0.10000000149011612,
                0.10000000149011612,
                0.10000000149011612
            ]
        },
        "primaryProjectileConfigName": "FighterLaser",
        "sfx_engineLoop": {
            "assetPath": "Assets/Sounds/ship_engine_fx.wav",
            "bLooping": true,
            "gain": 1.0,
            "maxDistance": 10.0,
            "pitchVariationRange": 0.0
        },
        "sfx_explosion": {
            "assetPath": "Assets/Sounds/distant_explosion_fx.wav",
            "bLooping": false,
            "gain": 1.0,
            "maxDistance": 30.0,
            "pitchVariationRange": 0.20000000298023224
        },
        "sfx_muzzle": {
            "assetPath": "Assets/Sounds/muzzlefire_fxwav.wav",
            "bLooping": false,
            "gain": 1.0,
            "maxDistance": 5.0,
            "pitchVariationRange": 0.20000000298023224
        },
        "sfx_projectileLoop": {
            "assetPath": "Assets/Sounds/projectile_v2_loop_fx.wav",
            "bLooping": true,
            "gain": 1.0,
            "maxDistance": 10.0,
            "pitchVariationRange": 0.0
        },
        "shapes": [
            {
                "modelFilePath": "",
                "position": [
                    0.0,
                    0.0,
                    -2.5
                ],
                "rotationDegrees": [
                    0.0,
                    0.0,
                    0.0
                ],
                "scale": [
                    7.5,
                    3.0,
                    2.0
                ],
                "shape": 0
            },
            {
                "modelFilePath": "",
                "position": [
                    0.0,
                    0.25,
                    0.0
                ],
                "rotationDegrees": [
                    0.0,
                    0.0,
                    0.0
                ],
                "scale": [
                    1.2000000476837158,
                    1.2000000476837158,
                    8.0
                ],
                "shape": 0
            }
        ],
        "spawnPoints": null,
        "spawnableConfigsByName": null,
        "teamData": [
            {
                "projectileColor": [
                    1.0,
                    0.18232041597366333,
                    0.18232041597366333
                ],
                "shieldColor": [
                    1.0,
                    0.17495393753051758,
                    0.1750035285949707
                ],
                "teamTint": [
                    1.0,
                    1.0,
                    1.0
                ]
            },
            {
                "projectileColor": [
                    0.2302025556564331,
                    1.0,
                    0.2302025556564331
                ],
                "shieldColor": [
                    0.31925147771835327,
                    1.0,
                    0.3038673996925354
                ],
                "teamTint": [
                    1.0,
                    1.0,
                    1.0
                ]
            }
        ]
    }
}